{
  "version": 2,
  /* removed legacy `builds` property — Next.js is detected automatically */
  "functions": {
    "app/api/**/*.ts": {
      "maxDuration": 30
    }
  },
  "env": {
    "NODE_ENV": "production"
  },
  "headers": [
    {
      "source": "/api/(.*)",
      "headers": [
        {
          "key": "Access-Control-Allow-Origin",
          "value": "*"
        },
        {
          "key": "Access-Control-Allow-Methods",
          "value": "GET, POST, PUT, DELETE, OPTIONS"
        },
        {
          "key": "Access-Control-Allow-Headers",
          "value": "Content-Type, Authorization"
        }
      ]
    }
  ]
}
